{
    "runtime": "Net70",
    "defaultVariables": null,
    "documentGenerator": {
      "fromDocument": {
        "json": "",
        "url": "https://localhost:7004/swagger/AdminAPI/swagger.json",
        "output": null,
        "newLineBehavior": "Auto"
      }
    },
    "codeGenerators": {
      "openApiToTypeScriptClient": {
        "className": "AdminApi{controller}ApiClient",
        "moduleName": "",
        "namespace": "",
        "typeScriptVersion": 4.9,
        "template": "Angular",
        "promiseType": "Promise",
        "httpClass": "HttpClient",
        "withCredentials": false,
        "useSingletonProvider": false,
        "injectionTokenType": "InjectionToken",
        "rxJsVersion": 7.5,
        "dateTimeType": "Date",
        "nullValue": "Undefined",
        "generateClientClasses": true,
        "generateClientInterfaces": false,
        "generateOptionalParameters": true,
        "exportTypes": true,
        "wrapDtoExceptions": true,
        "exceptionClass": "SwaggerException",
        "clientBaseClass": null,
        "wrapResponses": false,
        "wrapResponseMethods": [],
        "generateResponseClasses": true,
        "responseClass": "SwaggerResponse",
        "protectedMethods": [],
        "configurationClass": null,
        "useTransformOptionsMethod": false,
        "useTransformResultMethod": false,
        "generateDtoTypes": true,
        "operationGenerationMode": "MultipleClientsFromFirstTagAndOperationId",
        "markOptionalProperties": true,
        "generateCloneMethod": false,
        "typeStyle": "Class",
        "enumStyle": "Enum",
        "useLeafType": false,
        "classTypes": [],
        "extendedClasses": [],
        "extensionCode": null,
        "generateDefaultValues": true,
        "excludedTypeNames": [],
        "excludedParameterNames": [],
        "handleReferences": false,
        "generateConstructorInterface": true,
        "convertConstructorInterfaceData": false,
        "importRequiredTypes": true,
        "useGetBaseUrlMethod": false,
        "baseUrlTokenName": "ADMIN_API_BASE_URL",
        "queryNullValue": "",
        "inlineNamedDictionaries": false,
        "inlineNamedAny": false,
        "templateDirectory": null,
        "typeNameGeneratorType": null,
        "propertyNameGeneratorType": null,
        "enumNameGeneratorType": null,
        "serviceHost": null,
        "serviceSchemes": null,
        "output": "src/app/api/admin-api.service.generated.ts",
        "newLineBehavior": "Auto"
      }
    }
  }